[{
    "model": "data.classificationquestionset",
    "pk": 1,
    "fields": {
        "name": "turing",
        "description": ""
    }
},
{
    "model": "data.classificationquestionset",
    "pk": 2,
    "fields": {
        "name": "ucl",
        "description": "UCL alternative question set"
    }
},
{
    "model": "data.classificationquestion",
    "pk": 1,
    "fields": {
        "name": "sophisticated_attack",
        "question_set": 1,
        "question": "Do likely attackers include sophisticated, well-resourced and determined threats, such as highly capable serious organised crime groups and state actors?",
        "yes_question": null,
        "no_question": null,
        "yes_tier": 4,
        "no_tier": 3,
        "hidden": false
    }
},
{
    "model": "data.classificationquestion",
    "pk": 2,
    "fields": {
        "name": "no_reidentify_strong",
        "question_set": 1,
        "question": "Do you have strong confidence that it is not possible to identify individuals from the data, either at the point of entry or as a result of any analysis that may be carried out?",
        "yes_question": 15,
        "no_question": 1,
        "yes_tier": null,
        "no_tier": null,
        "hidden": false
    }
},
{
    "model": "data.classificationquestion",
    "pk": 3,
    "fields": {
        "name": "financial_low",
        "question_set": 1,
        "question": "Do you have high confidence that the commercial, legal, reputational or political consequences of unauthorised disclosure of this data will be low?",
        "yes_question": 10,
        "no_question": 1,
        "yes_tier": null,
        "no_tier": null,
        "hidden": false
    }
},
{
    "model": "data.classificationquestion",
    "pk": 4,
    "fields": {
        "name": "include_commercial",
        "question_set": 1,
        "question": "Will you be working with <a href=\"#commercial_data\">commercial-in-confidence information</a> or private third-party intellectual property, or legally or politically sensitive data?",
        "yes_question": 3,
        "no_question": 6,
        "yes_tier": null,
        "no_tier": null,
        "hidden": false
    }
},
{
    "model": "data.classificationquestion",
    "pk": 5,
    "fields": {
        "name": "no_reidentify_absolute",
        "question_set": 1,
        "question": "Do you have absolute confidence that it is not possible to identify individuals from the data, either at the point of entry or as a result of any analysis that may be carried out?",
        "yes_question": 4,
        "no_question": 2,
        "yes_tier": null,
        "no_tier": null,
        "hidden": false
    }
},
{
    "model": "data.classificationquestion",
    "pk": 6,
    "fields": {
        "name": "open_publication",
        "question_set": 1,
        "question": "Will releasing any of the datasets or results impact on the competitive advantage of the research team?",
        "yes_question": null,
        "no_question": null,
        "yes_tier": 1,
        "no_tier": 0,
        "hidden": false
    }
},
{
    "model": "data.classificationquestion",
    "pk": 7,
    "fields": {
        "name": "substantial_threat",
        "question_set": 1,
        "question": "Would disclosure pose a substantial threat to the personal safety, health or security of the data subjects?",
        "yes_question": null,
        "no_question": null,
        "yes_tier": 4,
        "no_tier": 3,
        "hidden": false
    }
},
{
    "model": "data.classificationquestion",
    "pk": 8,
    "fields": {
        "name": "closed_identify_living",
        "question_set": 1,
        "question": "Does the data identify living individuals?",
        "yes_question": 7,
        "no_question": 5,
        "yes_tier": null,
        "no_tier": null,
        "hidden": true
    }
},
{
    "model": "data.classificationquestion",
    "pk": 9,
    "fields": {
        "name": "closed_personal",
        "question_set": 1,
        "question": "Will any project input be <a href=\"#personal_data\">personal data</a>?",
        "yes_question": 13,
        "no_question": 4,
        "yes_tier": null,
        "no_tier": null,
        "hidden": false
    }
},
{
    "model": "data.classificationquestion",
    "pk": 10,
    "fields": {
        "name": "publishable",
        "question_set": 1,
        "question": "Do you have high confidence that the commercial, legal, reputational or political consequences of unauthorised disclosure of this data will be so low as to be trivial?",
        "yes_question": null,
        "no_question": null,
        "yes_tier": 1,
        "no_tier": 2,
        "hidden": false
    }
},
{
    "model": "data.classificationquestion",
    "pk": 11,
    "fields": {
        "name": "open_generate_new",
        "question_set": 1,
        "question": "Will the research generate (including by selecting, or sorting or combining) any <a href=\"#personal_data\">personal data</a>?",
        "yes_question": 7,
        "no_question": 9,
        "yes_tier": null,
        "no_tier": null,
        "hidden": false
    }
},
{
    "model": "data.classificationquestion",
    "pk": 12,
    "fields": {
        "name": "open_identify_living",
        "question_set": 1,
        "question": "Does the data identify living individuals? (e.g. social media data)",
        "yes_question": 11,
        "no_question": 6,
        "yes_tier": null,
        "no_tier": null,
        "hidden": true
    }
},
{
    "model": "data.classificationquestion",
    "pk": 13,
    "fields": {
        "name": "public_and_open",
        "question_set": 1,
        "question": "Is that <a href=\"#personal_data\">personal data</a> legally accessible by the general public with no restrictions on use?",
        "yes_question": 4,
        "no_question": 16,
        "yes_tier": null,
        "no_tier": null,
        "hidden": false
    }
},
{
    "model": "data.classificationquestion",
    "pk": 14,
    "fields": {
        "name": "financial_low_personal",
        "question_set": 1,
        "question": "Do you have high confidence that the commercial, legal, reputational or political consequences of unauthorised disclosure of this data will be low?",
        "yes_question": null,
        "no_question": 1,
        "yes_tier": 2,
        "no_tier": null,
        "hidden": false
    }
},
{
    "model": "data.classificationquestion",
    "pk": 15,
    "fields": {
        "name": "include_commercial_personal",
        "question_set": 1,
        "question": "Will you also be working with <a href=\"#commercial_data\">commercial-in-confidence information</a> or private third-party intellectual property, or legally or politically sensitive data?",
        "yes_question": 14,
        "no_question": null,
        "yes_tier": null,
        "no_tier": 2,
        "hidden": false
    }
},
{
    "model": "data.classificationquestion",
    "pk": 16,
    "fields": {
        "name": "no_reidentify",
        "question_set": 1,
        "question": "Is that <a href=\"#personal_data\">personal data</a> <a href=\"#pseudonymized_data\">pseudonymized</a>?",
        "yes_question": 5,
        "no_question": 7,
        "yes_tier": null,
        "no_tier": null,
        "hidden": false
    }
},
{
    "model": "data.classificationquestion",
    "pk": 17,
    "fields": {
        "name": "direct_participant_contact",
        "question_set": 2,
        "question": "Will your project make direct contact with research participants?",
        "yes_question": 25,
        "no_question": 26,
        "yes_tier": null,
        "no_tier": null,
        "hidden": false
    }
},
{
    "model": "data.classificationquestion",
    "pk": 18,
    "fields": {
        "name": "environment_conditions",
        "question_set": 2,
        "question": "Are there conditions attached to the data that would commit you to using a particular environment?",
        "yes_question": null,
        "no_question": null,
        "yes_tier": 2,
        "no_tier": 1,
        "hidden": false
    }
},
{
    "model": "data.classificationquestion",
    "pk": 19,
    "fields": {
        "name": "confidentiality_agreements",
        "question_set": 2,
        "question": "Are there any licenses or agreements concerning confidentiality for the data that your project intends to use?",
        "yes_question": 18,
        "no_question": null,
        "yes_tier": null,
        "no_tier": 0,
        "hidden": false
    }
},
{
    "model": "data.classificationquestion",
    "pk": 20,
    "fields": {
        "name": "hardware_config_conditions",
        "question_set": 2,
        "question": "Are there conditions attached to the data that would commit you to using fixed configurations of network or desktops?",
        "yes_question": null,
        "no_question": null,
        "yes_tier": 2,
        "no_tier": 1,
        "hidden": false
    }
},
{
    "model": "data.classificationquestion",
    "pk": 21,
    "fields": {
        "name": "confidentiality_agreements2",
        "question_set": 2,
        "question": "Are there any licenses or agreements concerning confidentiality for the data that your project intends to use?",
        "yes_question": 20,
        "no_question": null,
        "yes_tier": null,
        "no_tier": 1,
        "hidden": false
    }
},
{
    "model": "data.classificationquestion",
    "pk": 22,
    "fields": {
        "name": "special_category",
        "question_set": 2,
        "question": "Will your project ask people for information that might be special category?",
        "yes_question": null,
        "no_question": 21,
        "yes_tier": 2,
        "no_tier": null,
        "hidden": false
    }
},
{
    "model": "data.classificationquestion",
    "pk": 23,
    "fields": {
        "name": "children_or_vulnerable",
        "question_set": 2,
        "question": "Does your project include information about children or vulnerable people?",
        "yes_question": null,
        "no_question": 22,
        "yes_tier": 2,
        "no_tier": null,
        "hidden": false
    }
},
{
    "model": "data.classificationquestion",
    "pk": 24,
    "fields": {
        "name": "implied_criminality",
        "question_set": 2,
        "question": "Does your project concern or include any information that might imply criminality by the people you are studying or people known to them?",
        "yes_question": null,
        "no_question": 23,
        "yes_tier": 2,
        "no_tier": null,
        "hidden": false
    }
},
{
    "model": "data.classificationquestion",
    "pk": 25,
    "fields": {
        "name": "special_category_population",
        "question_set": 2,
        "question": "Does your research have inclusion criteria of anything that might be special category?",
        "yes_question": null,
        "no_question": 24,
        "yes_tier": 2,
        "no_tier": null,
        "hidden": false
    }
},
{
    "model": "data.classificationquestion",
    "pk": 26,
    "fields": {
        "name": "identifiable_data",
        "question_set": 2,
        "question": "Are you going to access information relating to people that you could identify if you were suitably determined to?",
        "yes_question": 22,
        "no_question": 19,
        "yes_tier": null,
        "no_tier": null,
        "hidden": false
    }
},
{
    "model": "data.classificationguidance",
    "pk": 1,
    "fields": {
        "name": "commercial_data",
        "guidance": "<p><strong>Commercial-in-confidence data</strong> is information which, if disclosed, may result in damage to a party’s commercial interest, intellectual property, or trade secrets.</p>",
        "question_set": 1
    }
},
{
    "model": "data.classificationguidance",
    "pk": 2,
    "fields": {
        "name": "living_individual",
        "guidance": "<p>A <strong>living individual</strong> is an individual for whom you do not have reasonable evidence that they are deceased. If you’re unsure if the data subject is alive or dead, assume they have a lifespan of 100 years and act accordingly. If you’re unsure of their age, assume 16 for any adult and 0 for any child, unless you have contextual evidence that allows you to make a reasonable assumption otherwise (<a href=\"https://www.nationalarchives.gov.uk/documents/information-management/guide-to-archiving-personal-data.pdf\">National Archives, 2018</a>).</p>",
        "question_set": 1
    }
},
{
    "model": "data.classificationguidance",
    "pk": 3,
    "fields": {
        "name": "personal_data",
        "guidance": "<p><strong>Personal data</strong> is any information relating to an identified or identifiable <a href=\"#living_individual\">living individual</a>; an 'identifiable' living individual is one who can be identified, directly or indirectly, in particular by reference to an identifier such as a name, an identification number, location data, an online identifier or to one or more factors specific to the physical, physiological, genetic, mental, economic, cultural or social identity of that natural person.</p><p>The term 'indirectly' here indicates that this includes data where identification is made possible by combining one or more sets of data, including synthetic data or trained models.</p>",
        "question_set": 1
    }
},
{
    "model": "data.classificationguidance",
    "pk": 4,
    "fields": {
        "name": "pseudonymized_data",
        "guidance": "<p><strong>Pseudonymised data</strong> is personal data that has been processed in such a manner that it can no longer be attributed to a specific living individual without the use of additional information, which is kept separately and subject to technical and organisational measures that ensure that the personal data are not attributed to an identified or identifiable living individual.</p><p>Two important things to note are that pseudonymised data:<ul><li> is still personal data - it becomes anonymised data, and is no longer personal data, only if <em>both</em> the key data connecting pseudonyms to real numbers is securely destroyed, <em>and</em> no other data exists in the world which could be used statistically to re-identify individuals from the data</li> <li>depending on the method used, it normally includes synthetic data and models that have been trained on personal data. Expert review is needed to determine the degree to which such datasets could allow individuals to be identified.</li></ul><p> It is important that both researchers and Dataset Providers consider the level of confidence they have in the likelihood of identifying individuals from data. Anonymised data is data which under no circumstances can be used to identify an individual, and this is less common than many realise (<a href=\"https://doi.org/10.1038/s41467-019-10933-3\">Rocher et al., 2019</a>).</p><p>Our model specifies three levels of confidence that classifiers can have about the likelihood of reidentification, with each pointing to a different tier - absolute confidence, where no doubt is involved, strong confidence, or weak confidence. Classifiers should give sufficient thought to this question to ensure they are classifying data to the appropriate sensitivity.</p>",
        "question_set": 1
    }
},
{
    "model": "data.classificationguidance",
    "pk": 5,
    "fields": {
        "name": "closed_personal",
        "guidance": "<p>Will you be using any personal data at all throughout the research, even if it's publicly available? For example:</p><ul><li>Personal data such as newspaper articles on celebrities, or details of patients in a medical trial</li><li>Facebook or twitter posts</li></ul>",
        "question_set": 1
    }
},
{
    "model": "data.classificationguidance",
    "pk": 6,
    "fields": {
        "name": "financial_low",
        "guidance": "<p>Is there <strong>no risk</strong> that the reputation of the researcher or data provider will be damaged by this data being made public, or that legal action can be taken as a result? For example:</p><ul><li>Financial reports that an organisation sells to businesses for commercial profit</li><li>Anonymised non-controversial user research</li></ul>",
        "question_set": 1
    }
},
{
    "model": "data.classificationguidance",
    "pk": 7,
    "fields": {
        "name": "financial_low_personal",
        "guidance": "<p>Is there <strong>no risk</strong> that the reputation of the researcher or data provider will be damaged by this data being made public, or that legal action can be taken as a result? For example:</p><ul><li>Financial reports that an organisation sells to businesses for commercial profit</li><li>Anonymised non-controversial user research</li></ul>",
        "question_set": 1
    }
},
{
    "model": "data.classificationguidance",
    "pk": 8,
    "fields": {
        "name": "include_commercial",
        "guidance": "<p>This is any information that the data provider would not be comfortable with you publishing, including purchased or requested data. For example:</p><ul><li>Pay to view news articles are private third-party intellectual property</li><li>Plans for marketing campaigns, or purchasing strategies, for companies, are commercial in-confidence data</li></ul>",
        "question_set": 1
    }
},
{
    "model": "data.classificationguidance",
    "pk": 9,
    "fields": {
        "name": "include_commercial_personal",
        "guidance": "<p>This is any information that the data provider would not be comfortable with you publishing, including purchased or requested data. For example:</p><ul><li>Pay to view news articles are private third-party intellectual property </li><li>Plans for marketing campaigns, or purchasing strategies, for companies, are commercial in-confidence data</li></ul>",
        "question_set": 1
    }
},
{
    "model": "data.classificationguidance",
    "pk": 10,
    "fields": {
        "name": "no_reidentify",
        "guidance": "<p>Have steps been taken so that information can no longer be directly linked to a particular individual, without additional information? For example:</p><ul><li>Replacing names of patients with patient ID numbers</li><li>Customer records with all name and address details removed</li></ul>",
        "question_set": 1
    }
},
{
    "model": "data.classificationguidance",
    "pk": 11,
    "fields": {
        "name": "no_reidentify_absolute",
        "guidance": "<p>Any data pseudonymised to this degree cannot be connected back to individuals through analysis, even in combination with other datasets. For example:</p><ul><li>Research results with generated fake names, where the pseudonymisation key is deleted, never to be used again </li><li>Anonymous responses to a public survey without any identifying information</li></ul>",
        "question_set": 1
    }
},
{
    "model": "data.classificationguidance",
    "pk": 12,
    "fields": {
        "name": "no_reidentify_strong",
        "guidance": "<p>Any data pseudonymised to this degree cannot be connected with individuals, unless combined with data not publicly available, <strong>or</strong> the effort required to de-pseudonymise would be too high to be feasible for a person acting on their own. For example:</p><ul><li>Medical test results with generated fake names, where only the pseudonymisation key be used to identify the patients in this one study</li><li>Anonymous responses to a public survey, where questions may lead to identifying information in combination with purchasable IP address data</li></ul>",
        "question_set": 1
    }
},
{
    "model": "data.classificationguidance",
    "pk": 13,
    "fields": {
        "name": "open_generate_new",
        "guidance": "<p>Generating personal data means creating any <strong>new</strong> personal data, regardless of what data you're starting with. For example:</p><ul><li>Linking diseases to particular patients</li><li>Spotting trends in tweets mentioning a particular individual</li></ul>",
        "question_set": 1
    }
},
{
    "model": "data.classificationguidance",
    "pk": 14,
    "fields": {
        "name": "open_publication",
        "guidance": "<p>This includes data that may be planned for publication in the future, or could be published without any issue, but is not yet publicly available. For example:</p><ul><li>Results from a study, that a research team hopes to submit to Nature.</li><li>Visualisations of existing publicly available data</li></ul>",
        "question_set": 1
    }
},
{
    "model": "data.classificationguidance",
    "pk": 15,
    "fields": {
        "name": "public_and_open",
        "guidance": "<p>Data is legally accessible if it is <strong>not</strong> behind a paywall, can be accessed without having to request it, and has <strong>no</strong> conditions on its use. For example:</p><ul><li>Voter registration records are <strong>not</strong> available, as they have restrictions on access and use</li><li>Academic articles that are not open source require subscription to a journal, or a request for access from the author, are <strong>not</strong> legally accessible</li></ul>",
        "question_set": 1
    }
},
{
    "model": "data.classificationguidance",
    "pk": 16,
    "fields": {
        "name": "publishable",
        "guidance": "<p>Would the data providers be prepared to release their data (accidentally or deliberately)? For example:</p><ul><li>Results that a data provider has indicated they are happy to go into a research publication</li><li>Fully anonymised data on trends not linked to a company or commercial interests</li></ul>",
        "question_set": 1
    }
},
{
    "model": "data.classificationguidance",
    "pk": 17,
    "fields": {
        "name": "sophisticated_attack",
        "guidance": "<p>Could this data be used to blackmail, target or persecute individuals? For example:</p> <ul><li>Linking location data to members of a controversial group</li><li>Information on the sexuality of individuals in a region where this may lead to arrest or abuse</li></ul>",
        "question_set": 1
    }
},
{
    "model": "data.classificationguidance",
    "pk": 18,
    "fields": {
        "name": "substantial_threat",
        "guidance": "<p>Could this data be used to blackmail, target or persecute individuals? Is it likely that motivated teams might try to access this data illegally? For example:</p><ul><li>Linking location data to members of a controversial group</li><li>Information on the sexuality of individuals in a region where this may lead to arrest or abuse</li></ul>",
        "question_set": 1
    }
},
{
    "model": "data.classificationguidance",
    "pk": 19,
    "fields": {
        "name": "direct_participant_contact",
        "guidance": "By logical inference if you have direct contact with research participants, you will be handling confidential information. An example of direct contact would be emailing to set up appointments with participants. However, even information from face to face interactions would have confidentiality implications.",
        "question_set": 2
    }
},
{
    "model": "data.classificationguidance",
    "pk": 20,
    "fields": {
        "name": "environment_conditions",
        "guidance": "If your license or agreement restricts the environments in which you can place that data then you must use an appropriate environment to work on your data at all times.",
        "question_set": 2
    }
},
{
    "model": "data.classificationguidance",
    "pk": 21,
    "fields": {
        "name": "confidentiality_agreements",
        "guidance": "Any agreement or license to use data places restrictions on how you should use that information therefore rendering it confidential.",
        "question_set": 2
    }
},
{
    "model": "data.classificationguidance",
    "pk": 22,
    "fields": {
        "name": "hardware_config_conditions",
        "guidance": "If your license or agreement restricts the environments in which you can place that data then you must use an appropriate environment to work on your data at all times.",
        "question_set": 2
    }
},
{
    "model": "data.classificationguidance",
    "pk": 23,
    "fields": {
        "name": "confidentiality_agreements2",
        "guidance": "Any agreement or license to use data places restrictions on how you should use that information therefore rendering it confidential.",
        "question_set": 2
    }
},
{
    "model": "data.classificationguidance",
    "pk": 24,
    "fields": {
        "name": "special_category",
        "guidance": "So, any of the following characteristics: racial or ethnic origin, political opinions, religious or philosophical beliefs, trade union membership, genetics, biometrics, health, sex life, or sexual orientation. Collecting information about any of these characteristics would render those data Special Category under the UK Data Protection legislation",
        "question_set": 2
    }
},
{
    "model": "data.classificationguidance",
    "pk": 25,
    "fields": {
        "name": "children_or_vulnerable",
        "guidance": "Any information relating to children or vulnerable people in your data will be protected by the UK Data Protection legislation.",
        "question_set": 2
    }
},
{
    "model": "data.classificationguidance",
    "pk": 26,
    "fields": {
        "name": "implied_criminality",
        "guidance": "Any information implying criminality contained in your data will be protected by the UK Data Protection legislation.",
        "question_set": 2
    }
},
{
    "model": "data.classificationguidance",
    "pk": 27,
    "fields": {
        "name": "special_category_population",
        "guidance": "<p>So, any of the following characteristics: </p>\r\n<ul>\r\n<li>racial or ethnic origin</li>\r\n<li>political opinions</li>\r\n<li>religious or philosophical beliefs</li>\r\n<li>trade union membership</li>\r\n<li>genetics</li>\r\n<li>biometrics</li>\r\n<li>health</li>\r\n<li>sex life or sexual orientation</li> \r\n<p>Inclusion criteria featuring any of these characteristics would render your data Special Category under the UK Data Protection legislation</p>",
        "question_set": 2
    }
},
{
    "model": "data.classificationguidance",
    "pk": 28,
    "fields": {
        "name": "identifiable_data",
        "guidance": "You don't need to have direct contact with research participants in all cases to handle information about them. If you or anyone else could use information to identify someone then that information would be personal data under data protection legislation.",
        "question_set": 2
    }
}
]
